Word,Time_s,F1_Hz,F2_Hz,F3_Hz,F4_Hz
your,1.519755,1213.690435,2545.9842519999997,3477.6460520000005,4921.8613399999995
your,1.5260049999999998,1187.7140980000001,2701.951195,3481.8717799999995,4656.541268
your,1.532255,1135.417984,2470.106848,3625.521107,4781.320987
your,1.538505,1038.919263,2159.296666,3058.894994,4540.954739
your,1.5447549999999999,1129.165834,2173.482253,3032.465486,4476.520420000001
your,1.551005,1147.958938,2156.512632,2751.456037,4256.206535
your,1.5572549999999998,1082.700866,2284.265713,3027.475669,3880.992554
your,1.563505,162.112581,1259.576699,2464.71649,3615.262892
your,1.569755,211.748658,1265.554202,2409.282718,3748.231364
your,1.5760049999999999,246.396494,1086.078457,2420.709497,3823.232032
your,1.582255,275.627887,792.0425240000001,2519.788912,3713.9470049999995
your,1.5885049999999998,306.85161400000004,444.22445,2583.142698,3638.6951700000004
your,1.594755,294.14795499999997,1041.3375119999998,2760.175971,3864.324225
your,1.601005,299.771958,1186.423592,2782.0318,3783.932646
your,1.6072549999999999,311.118869,1700.150082,2764.044504,3658.780053
your,1.613505,314.207454,2002.371136,2469.509358,3112.442246
your,1.6197549999999998,318.768962,2473.205733,3020.392789,4875.714422
your,1.626005,308.0142,2159.0365620000002,2416.403374,3128.327966
your,1.632255,331.65154900000005,2199.153655,2269.2294269999998,3478.172113
your,1.6385049999999999,360.033971,2053.025572,2195.85617,3659.1756520000004
your,1.644755,375.950393,1872.295132,2134.287199,3775.1524280000003
your,1.6510049999999998,386.80990299999996,1733.788457,2216.750078,3801.661839
your,1.657255,400.786273,1608.677178,2279.967048,3830.523982
your,1.663505,410.118204,1488.1553789999998,2290.704952,3873.8140799999996
your,1.6697549999999999,416.61242599999997,1317.99435,2273.902933,3859.004896
your,1.676005,417.915248,1258.115666,2309.0294010000002,3871.049895
your,1.6822549999999998,419.764956,1214.5001220000001,2305.231031,3932.956323
your,1.688505,419.933993,1117.948322,2231.168109,3993.4946520000003
your,1.694755,418.972664,1014.7079380000001,2287.0273460000003,3985.089905
your,1.7010049999999999,417.934935,888.968452,2257.2791859999998,3953.875171
your,1.707255,415.481738,846.4828369999999,2338.699807,3960.961394
your,1.7135049999999998,419.532974,837.634785,2305.207378,3796.5682100000004
your,1.719755,425.98260700000003,833.405405,2230.467332,3817.073832
your,1.726005,434.14954900000004,824.989566,2346.9793489999997,3752.007407
your,1.7322549999999999,446.70104100000003,817.322261,2423.977116,3827.126339
your,1.738505,464.094329,811.208217,2448.025827,3849.325012
your,1.7447549999999998,484.49228200000005,806.318987,2551.42835,3690.431536
your,1.751005,502.877938,797.507751,2593.292536,3726.840792
your,1.757255,518.72235,789.404528,2681.814762,3711.7541100000003
your,1.7635049999999999,525.175077,777.993477,2671.368476,4039.919865
your,1.769755,527.244494,774.4263599999999,2728.187916,4124.805425
your,1.7760049999999998,534.986718,790.758345,2771.592616,4190.893575
your,1.782255,541.381646,812.527407,2741.081155,4143.980688000001
your,1.788505,547.354503,833.458086,2648.550383,4084.7457289999998
your,1.7947549999999999,549.5745019999999,850.080183,2524.2922519999997,4088.1919009999997
your,1.801005,555.763789,850.824774,2406.747156,4066.522775
your,1.8072549999999998,570.819153,864.509009,2272.169135,4092.8478229999996
your,1.813505,590.371129,907.935684,2308.212985,4208.105565
your,1.819755,605.0365320000001,994.448503,2207.379587,4060.7419649999997
your,1.8260049999999999,606.1667769999999,1070.525067,2030.454472,4036.697608
your,1.832255,604.053945,1121.286699,1966.1552390000002,4065.4888909999995
your,1.8385049999999998,607.9992530000001,1203.898138,2050.328414,4133.730311
your,1.844755,608.881752,1252.265078,2057.4044940000003,4165.841824
your,1.851005,608.323279,1276.595068,2038.308045,4111.637406
your,1.8572549999999999,605.006824,1299.899495,2017.7272030000001,4107.58478
your,1.863505,599.931865,1328.305653,2006.4466530000002,4071.7179590000005
your,1.8697549999999998,599.558314,1412.372257,1994.8512449999998,4035.8249950000004
your,1.876005,597.363737,1508.228253,1994.150171,4040.312002
your,1.882255,594.419783,1529.5175789999998,1981.100497,4046.232204
your,1.8885049999999999,591.551977,1550.722814,1967.357536,4015.950775
your,1.894755,587.146412,1599.240753,1960.1949140000002,3982.8222490000003
your,1.9010049999999998,577.0562769999999,1622.984059,1930.1278489999997,3985.774592
your,1.907255,565.31885,1631.424207,1944.46507,3992.828071
your,1.913505,551.012679,1656.512454,1961.671651,3964.739815
your,1.9197549999999999,527.641046,1682.365165,1961.978544,3953.264775
your,1.926005,492.467966,1770.9744469999998,1950.124165,4027.626597
your,1.9322549999999998,450.92762300000004,1841.10899,1927.0651030000001,3965.429432
your,1.938505,422.19888399999996,1798.557904,1969.8724329999998,3928.159224
your,1.944755,413.912191,1742.2299239999998,2077.257272,3944.4472579999997
your,1.9510049999999999,410.993323,1673.236226,2141.066845,3896.8254829999996
your,1.957255,391.138412,1621.088912,2076.757564,3749.407168
your,1.9635049999999998,385.106799,1560.7008529999998,2037.44433,3681.473796
your,1.969755,374.856599,1556.5357609999999,2034.8883870000002,3859.3167829999998
your,1.976005,376.384578,1547.18716,2075.137436,4002.849269
your,1.9822549999999999,391.183951,1592.516947,2084.206376,3808.062331
your,1.988505,432.378486,1645.5100109999998,2035.985701,3901.1301740000004
your,1.9947549999999998,501.268038,1630.931444,2030.104688,3943.506282
your,2.001005,567.2682599999999,1654.329602,1970.1657260000002,4183.83321
your,2.007255,513.1288549999999,1864.5233050000002,1989.994766,4140.454842
your,2.013505,430.93373499999996,1861.4640829999998,1877.3319370000002,4099.622845
good,2.019755,439.28068899999994,1743.611914,1938.785139,4072.579911
good,2.026005,446.93265099999996,1415.662422,2103.232665,3966.646966
good,2.032255,505.01173200000005,1328.678761,2055.546091,3880.860283
good,2.038505,511.687399,1234.2752070000001,1802.464397,3658.8877
good,2.044755,482.32914800000003,1204.683687,1912.7098030000002,3865.004932
good,2.051005,374.94529700000004,1186.4639769999999,2133.1389879999997,3976.61154
good,2.057255,406.55530600000003,1165.756243,2121.482615,3990.4314409999997
good,2.063505,428.23474699999997,1266.91685,2505.774393,4124.6509829999995
good,2.069755,429.155917,1295.866786,2542.157316,3853.3626289999997
good,2.076005,435.830979,1328.540828,2493.148104,3731.7637670000004
good,2.082255,442.236614,1368.864796,2682.5939359999998,3828.7553740000003
good,2.088505,446.508738,1374.007551,2706.493384,4005.230557
good,2.094755,452.32338799999997,1385.371871,2719.2826210000003,4038.867039
good,2.101005,459.412596,1418.856588,2584.466577,4013.6446
good,2.107255,468.814221,1550.816237,2497.161743,4017.376239
good,2.113505,475.38109000000003,1721.0376440000002,2810.763667,4029.2730880000004
good,2.119755,481.047806,1755.4846559999999,2876.981523,4047.2566479999996
good,2.126005,484.169338,1795.700856,2961.118307,4046.8218159999997
good,2.132255,479.01723499999997,1816.9930149999998,2961.2226539999997,4035.319014
good,2.138505,478.58985,1786.4887899999999,2828.888818,4111.297324
good,2.144755,484.28708099999994,1629.468942,2754.701923,3990.405803
good,2.151005,478.060546,1574.127753,2784.5485719999997,3927.301253
good,2.157255,466.251145,1680.7827539999998,2853.518125,4294.427732
good,2.163505,438.068441,1561.5109439999999,2796.215441,4160.383747
good,2.169755,471.75804800000003,1544.844043,2786.571795,4178.2260240000005
good,2.176005,485.45554500000003,1685.961264,2915.572623,4187.089164
good,2.182255,478.61298099999993,1688.841888,2938.904904,4183.159259
good,2.188505,464.53993399999996,1534.682534,2823.575984,4257.290306
good,2.194755,465.911134,1448.48581,2705.910993,3951.2725939999996
good,2.201005,477.00196100000005,1520.370689,2789.659602,4073.349972
good,2.207255,481.789871,1556.305176,2820.762374,4093.117966
good,2.213505,482.90151900000006,1471.663698,2754.26552,4105.221784
good,2.219755,493.868991,1660.3958460000001,2962.824906,4177.4604340000005
good,2.226005,506.756718,1639.0045929999999,2878.364268,4121.96659
good,2.232255,492.11028799999997,1421.942389,2820.580151,3886.5874710000003
good,2.238505,486.658917,1368.13014,2745.036392,3765.7157869999996
good,2.244755,464.110325,1384.591739,2774.5949219999998,4001.692686
good,2.251005,458.437878,1441.3705730000001,2531.144497,3740.7324439999998
good,2.257255,473.53253,1403.1654460000002,2588.2810600000003,3761.632035
good,2.263505,440.51471799999996,1754.1624149999998,2560.827132,3251.207425
good,2.269755,459.72010199999994,1576.370652,1980.2705649999998,3443.901414
pants,2.288505,460.843541,1757.4578609999999,2153.668866,3840.364628
pants,2.294755,465.09188600000004,1532.2671599999999,2610.649150,3882.071299
pants,2.301005,458.738454,1398.696788,2377.571206,3677.041187
pants,2.307255,1150.164647,2011.122137,--undefined--,--undefined--
pants,2.313505,1011.8843199999999,1843.7507640000001,2738.934954,4288.311630
pants,2.319755,1090.8863,2122.468374,2723.130264,4224.894330
pants,2.326005,1077.858232,2026.608928,3145.448694,4219.408308
pants,2.332255,1191.311053,1893.8469739999998,3064.414215,4019.594433
pants,2.338505,720.273552,1824.2174579999999,2732.009192,3969.146402
pants,2.344755,720.8716469999999,1826.35414,2832.070143,3964.873380
pants,2.351005,694.112856,1846.5944539999998,2883.534834,3984.981994
pants,2.357255,752.5429320000001,1885.179219,2875.089541,3989.429146
pants,2.363505,837.359254,1863.687337,2925.818717,4034.917431
pants,2.369755,862.4487140000001,1955.73004,2765.506745,4102.245151
pants,2.376005,1123.606628,2037.243737,2895.984662,4181.899837
pants,2.382255,1126.403055,1992.7276370000002,3033.697555,4141.562678
pants,2.388505,1180.387173,1931.5076800000002,2894.469904,3985.969854
pants,2.394755,1096.493495,1916.372061,2896.389782,3836.862711
pants,2.401005,1035.955017,1884.0463899999997,3197.791826,3647.282259
pants,2.407255,1062.3030410000001,1990.16298,3228.018528,4374.484823
pants,2.413505,1176.477263,2008.562809,3245.744220,4165.616552
pants,2.419755,1353.152288,1959.796521,3293.774399,4238.157451
pants,2.426005,1124.783073,1849.900098,3324.351600,4549.868954
pants,2.432255,1573.6946970000001,1851.6672190000002,3271.694226,4379.004854
pants,2.438505,227.05363300000002,1924.592295,3257.595043,3378.820546
pants,2.444755,383.39853,1898.8999850000002,2939.503412,3765.696182
pants,2.451005,502.74199000000004,1899.362664,2605.121405,3510.517462
pants,2.457255,544.9909190000001,1893.4774109999998,2100.471101,3383.277337
pants,2.463505,518.199468,1797.1445039999999,2195.488647,3385.753480
pants,2.469755,524.995994,1843.735207,2132.834276,3420.403104
pants,2.476005,589.599875,1861.964561,2076.120406,3379.112406
pants,2.482255,663.60245,1834.8237399999998,2239.005873,3362.723616
pants,2.488505,695.190426,1832.7738920000002,2480.260877,3322.865935
pants,2.494755,713.501473,1826.74657,2479.663039,3378.320775
pants,2.501005,728.16264,1828.674959,2508.859864,3398.046828
pants,2.507255,716.789884,1825.2440940000001,2478.875134,3393.999657
pants,2.513505,706.154102,1854.7914629999998,2438.313062,3392.966531
pants,2.519755,747.3348980000001,1901.4454600000001,2454.736239,3343.524186
pants,2.526005,772.643384,1935.323744,2500.704063,3275.738208
pants,2.532255,747.668116,1920.114408,2483.386227,3584.026016
pants,2.538505,720.420206,1900.462331,2313.474046,3639.527142
pants,2.544755,719.87184,1880.170439,2342.474467,3585.038959
pants,2.551005,715.2257519999999,1843.7676390000001,2475.822263,3444.932734
pants,2.557255,688.411217,1796.2757170000002,2546.526110,3435.702400
pants,2.563505,676.636104,1752.881052,2705.403803,3372.946920
pants,2.569755,681.74241,1739.248342,2908.983880,3350.803025
pants,2.576005,684.0257780000001,1723.4822570000001,2817.923538,3322.848794
pants,2.582255,673.755666,1709.621127,3318.108048,4124.134823
pants,2.588505,624.475799,1721.5117089999999,3036.898435,3446.943958
pants,2.594755,621.91524,1727.288818,2619.926130,3495.281351
pants,2.601005,637.38335,1721.2123329999997,2445.638717,3338.437332
pants,2.607255,618.784728,1721.627949,2333.828153,3293.137455
pants,2.613505,558.433269,1720.549979,2243.997315,3345.917801
pants,2.619755,444.48832999999996,1700.806914,2583.954184,3407.343761
pants,2.626005,401.794856,1697.82287,2625.976564,3308.514837
pants,2.632255,399.11278,1737.9074600000001,2476.588156,3493.588805
pants,2.638505,398.61408900000004,1749.818382,2441.669027,3686.950026
pants,2.644755,406.501563,1746.896386,2422.803904,3602.583680
pants,2.651005,414.92816400000004,1768.033436,2341.725072,3483.411139
pants,2.657255,419.321178,1839.7198850000002,1947.803392,3387.419571
pants,2.663505,422.672799,1764.3082329999997,1893.758345,3389.361845
pants,2.669755,427.551054,1792.6359870000001,1882.366268,3308.509789
pants,2.676005,446.703762,1317.243984,1908.012987,3329.557496
pants,2.682255,452.11189400000006,1867.887819,3300.556256,4584.126850
pants,2.688505,433.487145,825.856843,1902.154131,3292.745256
pants,2.694755,427.72980199999995,956.4993519999999,1914.953844,3226.144643
pants,2.701005,233.46726600000002,440.842436,1964.798272,3220.110719
pants,2.707255,438.06943499999994,1970.748339,3262.396350,4753.816803
pants,2.713505,440.771445,1902.234562,3242.902564,4883.512051
pants,2.719755,438.615212,1845.380355,3094.922509,4623.426555
pants,2.726005,413.19279900000004,1823.7797899999998,2865.697358,4224.921581
pants,2.732255,394.656102,1853.6138489999998,2914.089979,3893.314259
pants,2.738505,424.703474,1772.0546379999998,1950.527786,3630.680958
pants,2.744755,436.77794900000004,1788.0549809999998,2873.186355,4430.486268
pants,2.751005,390.65907000000004,1765.432789,2860.718873,4145.326892
pants,2.757255,415.395464,1864.214618,2367.760626,3846.015762
pants,2.763505,413.994886,1377.944192,2301.683597,3800.668714
pants,2.769755,412.592058,1546.985577,2275.660381,3796.389591
pants,2.776005,421.17158200000006,1700.9191420000002,2764.080159,3816.159756
pants,2.782255,437.124692,1810.875316,2901.604744,4137.378144
pants,2.788505,465.51418499999994,1822.6757530000002,2731.085854,4615.643964
pants,2.794755,649.3138150000001,1889.4787079999999,2722.879184,4023.357701
pants,2.801005,678.681044,1868.327946,2789.813276,3977.654877
pants,2.807255,790.933618,1955.210737,2881.762714,4172.375774
pants,2.813505,698.890846,1881.8032010000002,2958.741984,4579.060651
pants,2.819755,574.383912,1778.4286129999998,3021.168357,4633.852772
pants,2.826005,576.009383,1809.983071,3008.723490,4273.045187
pants,2.832255,619.754339,1985.606249,2898.006003,4519.590152
pants,2.838505,667.405037,1855.402651,3047.998450,4795.169571
pants,2.844755,892.0174949999999,1885.2346420000001,3025.659204,4340.307903
pants,2.851005,1596.641255,2411.7372800000003,3810.496264,4974.540892
pants,2.857255,553.900047,1872.208425,3297.033029,4661.983027
pants,2.863505,724.178273,1791.4375079999998,3008.318434,4430.415894
pants,2.869755,741.461208,1713.505236,2962.037436,4488.659834
pants,2.876005,722.406918,1851.1362510000001,3014.672304,4530.201596
pants,2.882255,759.858863,2079.8740589999998,3424.563780,4371.811941
pants,2.888505,823.672476,2022.00205,3329.947896,4337.657996
pants,2.894755,722.973806,1959.716793,3070.007641,4404.593850
pants,2.901005,725.1140429999999,1924.3080699999998,2992.796257,4540.851077
pants,2.907255,741.625556,1889.1510640000001,3002.153357,4623.767321
pants,2.913505,754.593501,1961.4769780000001,3066.140839,4604.848347
pants,2.919755,801.105871,1915.0995829999997,3141.238704,4486.711317
pants,2.926005,717.8258030000001,1902.8827190000002,3328.518153,4464.186943
pants,2.932255,601.3830320000001,1884.82818,3249.320715,4688.061256
pants,2.938505,700.812391,1832.8499989999998,3181.923320,4732.400076
pants,2.944755,1078.514181,1711.618354,3393.050943,4761.289052
pants,2.951005,755.481779,1651.569191,3046.177538,4588.347225
pants,2.957255,953.893868,1396.805683,2917.668822,4402.356887
pants,2.963505,983.1817890000001,1495.946751,3005.801326,4216.005075
pants,2.969755,1104.119072,1484.9368539999998,3033.586189,4222.755807
pants,2.976005,1111.2790619999998,2758.542491,4117.933082,5105.561371
pants,2.982255,381.79636400000004,1489.748242,2949.060390,4094.720778
look,2.994755,1186.89709,2496.7802699999997,2943.148906,4573.246218
look,3.001005,1203.466309,2634.0190350000003,2874.020591,4626.376676
look,3.007255,1187.913854,2693.635688,2778.034306,4694.574633
look,3.013505,542.4699,1802.18707,2829.0740140000003,4865.023512
look,3.019755,504.171792,1895.814667,2170.051198,3980.840444
look,3.026005,476.555871,1837.5558640000002,2701.444377,3605.747103
look,3.032255,430.58824400000003,1767.9405149999998,2911.933418,4808.836722999999
look,3.038505,524.274228,1812.732778,2910.972649,4250.785537
look,3.044755,570.9491780000001,1850.699112,2874.0520899999997,3940.388775
look,3.051005,548.699431,1868.911543,2563.260826,3860.4556810000004
look,3.057255,499.62281500000006,1780.2112170000003,2282.417229,3730.9556340000004
look,3.063505,492.611789,1803.171377,2861.5264429999997,4175.5156560000005
look,3.069755,422.75809000000004,1768.559906,2931.8962690000003,3929.288318
look,3.076005,468.29188600000003,1704.404652,2863.984404,4133.416193999999
look,3.082255,360.559963,1660.196342,2865.552761,4207.324723
look,3.088505,353.927557,1656.599256,2992.43195,4653.917085
look,3.094755,378.280137,1775.22824,3208.77046,4800.022668
look,3.101005,419.58424400000007,1669.641529,3086.9036079999996,4525.392473
look,3.107255,424.69833600000004,1625.947989,3013.286969,4146.5151829999995
look,3.113505,410.509348,1550.2642050000002,3049.9656489999998,4167.06693
look,3.119755,414.837289,1525.06373,3054.843277,4093.2985700000004
look,3.126005,408.171632,1505.555431,2978.282158,4124.387148
look,3.132255,403.2829,1531.534763,2928.2724190000004,4191.034592
look,3.138505,400.681161,1563.3207869999999,2911.250691,4071.5617979999997
look,3.144755,393.579207,1583.894128,2921.7765170000002,3986.981128
look,3.151005,392.66299,1558.1897720000002,2883.954812,3932.420161
look,3.157255,385.05904300000003,1536.515627,2867.569877,3983.598161
look,3.163505,384.417939,1538.674398,2860.622556,3961.0215799999996
look,3.169755,383.89814900000005,1594.8481960000001,2831.577598,3811.4588369999997
look,3.176005,384.836562,1648.920924,2830.110616,3821.033865
look,3.182255,395.99843599999997,1614.6187929999999,2563.677781,3871.757247
look,3.188505,399.83248599999996,1599.641058,2678.111529,3911.960947
look,3.194755,395.953032,1575.038238,2765.823698,3997.0719770000005
look,3.201005,393.80059500000004,1532.641562,2758.5524800000003,4015.415493
look,3.207255,391.263299,1470.440898,2750.1280239999996,3998.2269
look,3.213505,387.079546,1408.315413,2843.5567899999996,3936.280596
look,3.219755,384.630872,1370.285298,2856.774735,3903.60405
look,3.226005,389.435334,1335.695569,2892.927017,3805.8955159999996
look,3.232255,410.21335,1328.839034,2895.3510899999997,3713.502336
look,3.238505,398.969247,1366.686189,2891.814484,3843.989245
look,3.244755,390.005216,1492.899561,2847.060242,3878.992033
look,3.251005,393.777802,1560.105982,2755.4587,3880.493175
look,3.257255,398.206139,1530.1551060000002,2639.090626,3961.558214
look,3.263505,384.046237,1545.233966,2675.917941,3963.222848
look,3.269755,382.532686,1518.847006,2665.221578,4176.725886
look,3.276005,385.529137,1457.4460060000001,2640.807955,4085.3160310000003
look,3.282255,385.024817,1429.215694,2662.0884109999997,4181.0673289999995
look,3.2885050000000002,384.573456,1482.980542,2691.977007,4248.023292
look,3.2947550000000003,383.900785,1417.125137,2717.5615,4242.119133
look,3.3010050000000004,379.976373,1446.1209939999999,2770.2505920000003,4207.206059
look,3.3072550000000005,381.13151899999997,1477.844552,2749.419953,4197.075252000001
look,3.313505,388.347287,1480.4182640000001,2601.973818,4178.68721
look,3.3197550000000002,393.37003300000003,1395.524493,2637.097491,4166.8344560000005
look,3.3260050000000003,380.222967,1354.566234,2780.2779760000003,4235.491396
look,3.3322550000000004,384.605791,1413.649323,2824.757752,4135.355832
look,3.3385050000000005,390.535144,1461.4812550000001,2820.645947,4137.5022229999995
look,3.344755,368.18271699999997,1508.267714,2722.348357,4151.48016
look,3.3510050000000002,278.810336,1388.339075,2595.644288,4103.330994
look,3.3572550000000003,384.508985,1448.75239,2643.479132,3771.1737810000004
look,3.3635050000000004,393.247884,1465.144341,2699.8248280000003,4224.507788
look,3.3697550000000005,345.12996200000003,1482.15838,2748.645814,4183.276243
look,3.376005,1112.153268,2614.098848,3504.226476,4637.085995
great,3.3822550000000002,1031.326155,2203.698507,3276.740163,4351.171270
great,3.3885050000000003,1069.686215,2216.904544,3443.893249,4547.824498
great,3.3947550000000004,1051.390294,2265.344806,3650.692676,4753.233279
great,3.4010050000000005,1025.133117,2291.330825,3664.436936,4958.573204
great,3.407255,1161.71805,2327.495848,3719.887947,4832.975849
great,3.4135050000000002,1076.944373,2258.84036,3447.571995,4687.686122
great,3.4197550000000003,660.1996059999999,944.567429,2106.185120,3549.253050
great,3.4260050000000004,612.758044,839.6996119999999,1931.593245,3509.007242
great,3.4322550000000005,681.386037,767.600791,2063.214958,3501.991801
great,3.438505,616.873476,1129.157441,1976.212020,3436.059029
great,3.4447550000000002,588.127423,1203.5255869999999,2046.568956,3332.270259
great,3.4510050000000003,430.405078,1175.037247,2403.505849,3127.989933
great,3.4572550000000004,431.595099,1051.284042,1957.738968,3591.459107
great,3.4635050000000005,413.563989,1045.66146,2163.877037,4037.848535
great,3.469755,426.67738099999997,1063.932533,2240.248813,4206.221399
great,3.4760050000000002,444.85715999999996,1112.7264599999999,2204.637574,4071.741688
great,3.4822550000000003,458.052367,1160.300017,2082.699251,4128.935522
great,3.4885050000000004,472.013029,1211.338289,2115.087938,4061.774351
great,3.4947550000000005,487.928488,1292.704027,2104.113633,4014.941250
great,3.501005,503.479109,1493.487671,2227.508129,3989.881638
great,3.5072550000000002,510.25035099999997,1629.374014,2320.696563,3973.580171
great,3.5135050000000003,513.201991,1707.028239,2358.649992,3943.148889
great,3.5197550000000004,513.117614,1742.403321,2317.753509,3933.379551
great,3.5260050000000005,513.619588,1783.2164460000001,2342.599520,3930.475405
great,3.532255,524.9082900000001,1921.893341,2516.858418,3945.776894
great,3.5385050000000002,551.407911,2108.6788030000002,2609.548545,3938.136026
great,3.5447550000000003,526.369323,2239.9212829999997,2680.850717,3978.212060
great,3.5510050000000004,522.62417,2327.3164309999997,2807.882030,4002.200672
great,3.5572550000000005,500.953459,2432.198029,2842.697526,4003.990386
great,3.563505,489.072995,2509.741325,2769.308277,3996.480685
great,3.5697550000000002,482.26200700000004,2277.755386,2521.660036,4010.264140
great,3.5760050000000003,440.315571,2063.4389579999997,2700.928273,3712.350893
great,3.5822550000000004,427.98279800000006,1979.730668,2827.843345,3919.573483
great,3.5885050000000005,410.73905,1876.0030789999998,2874.131929,3964.933098
great,3.594755,380.888064,1977.103869,2908.857342,3869.075507
great,3.6010050000000002,379.145637,2113.752871,2914.103932,3910.515944
great,3.6072550000000003,408.38825099999997,2282.752696,2917.648374,3953.006065
great,3.6135050000000004,406.858316,2276.6122760000003,2908.292337,3912.007519
great,3.6197550000000005,400.466161,1594.868794,2914.866466,3835.808662
great,3.626005,395.11735699999997,2251.312231,2921.940177,3893.103443
great,3.6322550000000002,430.87393099999997,1300.459012,2944.631028,3882.490824
great,3.6385050000000003,411.472087,913.806803,2953.792208,3815.341772
great,3.6447550000000004,401.250078,1167.125088,2940.589664,3831.796899
great,3.6510050000000005,364.826815,1234.232929,2990.658758,3852.479392
great,3.657255,328.873465,1481.897207,2976.633630,3749.671570
great,3.6635050000000002,377.972267,1427.589268,3011.867077,3676.100955
great,3.6697550000000003,415.557551,1428.678054,3009.758415,3793.341930
great,3.6760050000000004,417.119436,1449.66468,2950.029821,3753.767462
great,3.6822550000000005,378.359819,1459.7964630000001,3042.595454,3858.887307
great,3.688505,311.553965,1456.967155,3051.623710,4030.789211
great,3.6947550000000002,352.897422,1447.56844,3035.815345,3849.371255
great,3.7010050000000003,399.611866,1525.406921,2900.535771,3931.486735
great,3.7072550000000004,450.159711,1401.8591390000001,2861.635717,4095.120605
great,3.7135050000000005,421.394554,1310.476952,2847.985722,3948.331714
great,3.719755,344.547058,1322.439134,2886.522881,3686.273667
great,3.7260050000000002,1108.215108,1882.3490789999998,3123.179303,4130.163304
great,3.7322550000000003,1166.886714,1230.3344140000002,3082.252874,4407.261078
great,3.7385050000000004,1444.715428,2910.840468,--undefined--,--undefined--
great,3.7447550000000005,1202.8784560000001,1468.0801279999998,2842.027273,4230.904065
great,3.751005,1409.63063,2809.027659,--undefined--,--undefined--
great,3.7572550000000002,1102.142215,1987.9283829999997,2893.331347,4223.243574
great,3.7635050000000003,1102.522017,1941.139461,2936.313193,4298.361752
great,3.7697550000000004,983.529734,1472.123485,2883.835572,4278.548613
great,3.7760050000000005,1471.2293960000002,2824.520305,--undefined--,--undefined--
great,3.782255,1203.869051,1644.291286,3050.220899,4269.001266
great,3.7885050000000002,1028.645432,1793.7931899999999,2991.370885,4267.839507
great,3.7947550000000003,1146.989267,1927.90648,3063.998164,4253.363701
great,3.8010050000000004,1171.227702,2251.387436,2972.026812,3938.776511
great,3.8072550000000005,1150.491791,1937.2696640000001,2989.279919,4461.322805
great,3.813505,701.130253,1982.7046719999998,2907.541780,4890.289300
great,3.8197550000000002,680.560472,2018.748239,2858.851486,4765.693589
great,3.8260050000000003,605.945467,1993.840434,3005.611277,4680.036224
great,3.8322550000000004,578.96611,1799.207473,2941.411607,4580.798598
great,3.8385050000000005,652.914261,1843.592872,2896.508941,4256.777839
great,3.844755,792.129517,2139.2107760000004,3127.662394,4836.569539
great,3.8510050000000002,983.5552220000001,2161.063846,3235.972732,4873.659268
great,3.8572550000000003,995.997781,2161.802143,3410.495619,4899.958581
great,3.8635050000000004,701.698978,2017.59729,3149.434443,4136.423833
great,3.8697550000000005,609.4642719999999,1979.637741,3149.470555,4505.437345
great,3.876005,683.572962,1939.957795,3023.859572,4407.043859
great,3.8822550000000002,716.2951820000001,2057.169109,2958.301744,4376.556262
great,3.8885050000000003,696.557241,2014.7195920000001,2988.379722,4274.986645
great,3.8947550000000004,733.867478,1926.0559239999998,3106.727377,4551.233515
great,3.9010050000000005,675.5451780000001,1931.502725,3127.599782,4527.344166
great,3.907255,576.572665,2006.352442,3148.277706,4628.060441
great,3.9135050000000002,600.474979,2017.9682739999998,3142.750849,4657.587653
great,3.9197550000000003,725.938364,2103.6373989999997,3060.344919,4805.798671
great,3.9260050000000004,570.137892,1914.761326,3034.218603,4699.109582
great,3.9322550000000005,560.305941,1940.5556370000002,2972.780877,4532.326294
great,3.938505,546.027998,1884.5603350000001,2951.610548,4487.178479
great,3.9447550000000002,555.659425,1928.727668,2963.367330,4461.364009
great,3.9510050000000003,595.946357,1964.449786,2960.743322,4454.671039
great,3.9572550000000004,639.079594,2003.465882,2926.280555,4412.875046
great,3.9635050000000005,642.790341,2083.786028,2932.053235,4428.870931
great,3.969755,679.961597,2071.119572,2905.193720,4252.872045
great,3.9760050000000002,667.529962,2004.8171940000002,2936.028091,4256.019647
great,3.9822550000000003,636.895471,2016.727279,2987.800803,4373.860824
great,3.9885050000000004,676.4802,1937.224275,2822.827691,4268.336237
great,3.9947550000000005,605.373555,1970.2745940000002,2973.027581,4396.011271
great,4.001005,598.001561,2031.2848350000002,2907.331097,4411.588530
great,4.007255000000001,672.8626879999999,2027.203929,2825.166162,4425.192320
great,4.013505,680.9955209999999,2018.8289109999998,2623.636317,4250.272254
great,4.019755,706.245459,2003.0528359999998,2505.008225,4280.919229
great,4.0260050000000005,677.309592,1936.4322,2769.139668,4388.688779
great,4.032255,692.9003690000001,1946.296775,2629.000593,4392.702649
great,4.038505000000001,668.442132,1956.4231719999998,2482.081538,4229.262980
great,4.044755,652.8175,1986.475413,2289.026697,4168.512449
great,4.051005,565.946612,1996.4223379999999,2827.633033,4366.178689
great,4.0572550000000005,884.993499,1994.918207,2923.375555,4387.669265
great,4.063505,843.981309,2076.9716789999998,2841.599322,4347.052797
great,4.069755000000001,799.522167,2072.898765,2958.842925,4367.221055
great,4.076005,861.4636830000001,2056.978397,2973.367891,4407.802545
great,4.082255,925.701108,2054.106576,3013.667802,4419.033513
great,4.0885050000000005,826.208162,2312.480782,2602.340351,4187.761308
great,4.094755,879.4933960000001,2021.861784,2973.161056,4214.462098
great,4.101005000000001,866.407642,1954.053521,3041.402964,4275.818462
great,4.107255,747.4540509999999,1963.6090190000002,3035.645669,4307.684695
great,4.113505,852.9424140000001,1794.4501850000001,2977.189102,4280.465494
great,4.1197550000000005,1216.7207859999999,1723.285852,3175.326047,4140.433818
great,4.126005,1218.076108,2598.239194,--undefined--,--undefined--
great,4.132255000000001,1197.68759,2523.584189,3834.545754,5283.231934
